{
  "firestore": {
    "rules": "firestore.rules",
    "indexes": "firestore.indexes.json"
  },
  "functions": {
    "source": "functions",
    "runtime": "nodejs18"
  },
  "hosting": {
    "public": "public",
    "ignore": [
      "firebase.json",
      "**/.*",
      "**/node_modules/**"
    ],
    "rewrites": [
      {
        "source": "/about",
        "destination": "/about.html"
      },
      {
        "source": "/",
        "destination": "/login.html"
      }
    ],
    "headers": [
      {
        "source": "**",
        "headers": [
          {
            "key": "X-Content-Type-Options",
            "value": "nosniff"
          },
          {
            "key": "X-Frame-Options",
            "value": "SAMEORIGIN"
          },
          {
            "key": "X-XSS-Protection",
            "value": "1; mode=block"
          },
          {
            "key": "Referrer-Policy",
            "value": "strict-origin-when-cross-origin"
          },
          {
            "key": "Permissions-Policy",
            "value": "geolocation=(), microphone=(), camera=()"
          }
        ]
      },
      {
        "source": "**/*.@(html|js|css)",
        "headers": [
          {
            "key": "Cache-Control",
            "value": "public, max-age=3600"
          }
        ]
      }
    ],
    "cleanUrls": true,
    "trailingSlash": false
  }
}
